{"xs": [50.0, 46.491976279046845, 47.28795718364099, 51.41249100422174, 55.08209710807819, 57.0736258170891, 58.549194166556056, 59.02957261519577, 60.10647542777587, 59.8499251776819, 58.35500709289512, 56.56141399258746, 55.00546474293608, 54.7750313890281, 53.915367559160416, 54.14789831096979, 54.18234113042268, 55.065800823028624, 56.80794204110246, 59.51035800349348, 62.84334409087565, 66.8767759828408, 71.80462661333729, 78.96134028296223], "ys": [250.0, 256.92636918511306, 266.8946380717955, 276.0044251583791, 285.3059630782818, 295.1041457053467, 304.99468148689317, 314.9831366500344, 324.92498156595707, 334.9216269210099, 344.8091142964926, 354.6468570261784, 364.5249807937651, 374.5223242722873, 384.4847348107619, 394.48202614802193, 404.4805583663438, 414.4414440032605, 424.2885101408625, 433.9164185399353, 443.34460485027506, 452.4950441329348, 461.19648597401743, 468.18081083766646], "alphas": [3.03870358989821, 2.0396094612895066, 1.4911139302073533, 1.145650773507219, 1.195026404422384, 1.3702730156599099, 1.4226987168310696, 1.5227399870871121, 1.46289680079804, 1.59645432905541, 1.720852739375692, 1.7511331673829371, 1.7270273447154576, 1.5938417047380025, 1.6568738475559766, 1.5475411445020253, 1.5673515528558308, 1.4823349148152882, 1.395688492071491, 1.2971519112704808, 1.2309953525780255, 1.155626888584953, 1.055505405378204, 0.7732080921648556], "outcome": "collision", "target": [720, 520], "obstacles": [{"x_max": 180.0, "x_min": 109.0, "y_max": 479.0, "y_min": 332.0}, {"x_max": 573.0, "x_min": 361.0, "y_max": 535.0, "y_min": 318.0}, {"x_max": 637.0, "x_min": 555.0, "y_max": 245.0, "y_min": 130.0}, {"x_max": 348.0, "x_min": 131.0, "y_max": 249.0, "y_min": 168.0}], "width": 800, "height": 600, "target_threshold": 10}
