{"xs": [550.0, 557.000910611381, 562.733719893604, 567.7719748147273, 572.4075184599797, 577.4415842398105, 582.1973384905102, 586.9538066286796, 591.8206923687571, 596.837271031852, 602.0122700409402, 607.3347856378197, 612.7458355693518, 618.146702317803, 623.4869729888529, 628.6626547551704, 633.5181104326454, 638.1832431438874, 642.6250928812412, 646.8384196231972, 650.9810028226209, 655.8240191687252, 660.6596349652125, 665.0200925300242, 669.0678698793104, 672.8839368957986, 680.5356286513195, 688.6206585211311, 697.1011759007827, 705.6310102024959, 714.088898445243], "ys": [270.0, 277.14053573700556, 285.33412455593333, 293.97217916040165, 302.83286395972505, 311.47336057301857, 320.2701100583086, 329.0664735598119, 337.8022290047079, 346.4528901653928, 355.0097228303416, 363.4755853216047, 371.88513576371906, 380.3012297725496, 388.75590357819846, 397.3123232882062, 406.05443688642004, 414.899578874342, 423.85892990612825, 432.92799147640767, 442.02958465976786, 450.7785942511165, 459.5316915646639, 468.5307603433494, 477.674441425141, 486.91640482286834, 493.3538050615619, 499.23809578550595, 504.5342223804057, 509.74156536181755, 515.0327449178706], "alphas": [0.5449633637189258, 0.7952713111161579, 0.9602917918681492, 1.0427745917558062, 1.0887939298271525, 1.043259486716925, 1.075178276908337, 1.0750971215756002, 1.0625012519748274, 1.0452821518273416, 1.0268697238506141, 1.0095384030581775, 0.999045797900981, 1.0002562337766725, 1.007439761816277, 1.0267899310428041, 1.063809198721065, 1.0854516359257835, 1.1105319647330183, 1.135882034360184, 1.1436685518573362, 1.0652314917396146, 1.0660769362447176, 1.1195886452195558, 1.1540415529606256, 1.1792133842108163, 0.6994239781496439, 0.629141548692933, 0.55824337345337, 0.5480940156129512, 0.5590242585611853], "outcome": "arrived", "target": [720, 520], "obstacles": [{"x_max": 266.0, "x_min": 124.0, "y_max": 228.0, "y_min": 83.0}, {"x_max": 461.0, "x_min": 383.0, "y_max": 522.0, "y_min": 382.0}, {"x_max": 523.0, "x_min": 323.0, "y_max": 228.0, "y_min": 36.0}, {"x_max": 190.0, "x_min": 21.0, "y_max": 464.0, "y_min": 372.0}], "width": 800, "height": 600, "target_threshold": 10}
