{"xs": [50.0, 45.489990920086726, 46.515699802177444, 50.90243660163112, 54.68685718520389, 57.42056130165699, 60.190372645464386, 62.21620537776545, 66.29767903434076, 62.988032372346126, 61.113160402977165, 57.85298773948541, 56.74998357656737, 54.189880078550814, 53.977531590836996, 52.08691871196215, 52.4814314325589, 53.76977767570033, 55.561241067507574, 57.69752326804907, 61.94991941602758, 68.77593904293623, 70.29786854008178, 76.05285534900942, 82.8066848089052], "ys": [250.0, 258.919278867132, 268.86653584024776, 277.85300012005877, 287.1092489804362, 296.7283327412078, 306.33707948516667, 316.12969031588267, 325.2588508901459, 334.6709217757461, 344.4935922425018, 353.94723038896274, 363.8862133256915, 373.5529537318182, 383.55069888358946, 393.37035177675386, 403.3625667320722, 413.27922765991394, 423.1174520381142, 432.88660237781363, 441.93741046331945, 449.2453141335287, 459.1249075879452, 467.3029036866377, 474.6775737012433], "alphas": [3.03870358989821, 2.038951545220476, 1.4680447273074204, 1.1166740946589524, 1.182683698099714, 1.293901025515657, 1.2901452446474249, 1.3668003494037801, 1.1503725463642294, 1.9089301044239217, 1.759399678756159, 1.9028839135660345, 1.6813216323150808, 1.8296890670551473, 1.5920327717556173, 1.761002432753008, 1.5313348138822729, 1.4416026065243894, 1.3906776422752554, 1.3555089088274652, 1.1315697135521585, 0.8194791080547983, 1.4179500343395883, 0.9575807454182321, 0.8293123396231348], "outcome": "collision", "target": [720, 520], "obstacles": [{"x_max": 180.0, "x_min": 109.0, "y_max": 479.0, "y_min": 332.0}, {"x_max": 573.0, "x_min": 361.0, "y_max": 535.0, "y_min": 318.0}, {"x_max": 637.0, "x_min": 555.0, "y_max": 245.0, "y_min": 130.0}, {"x_max": 348.0, "x_min": 131.0, "y_max": 249.0, "y_min": 168.0}], "width": 800, "height": 600, "target_threshold": 10}
